title,locations
alexander-caesar,"['Rome', 'Asia', 'Alpes', 'Troy', 'Spaine', 'Delphos', 'Europe']"
alexander-croesus,"['States', 'Persia', 'Kingdom', 'Greece', 'Asia']"
alexander-darius,"['Euphrates', 'Greece', 'Asia', 'Orient', 'Europe']"
alexander-the-alexandraean-tragedy,"['States', 'South', 'Persia', 'Arabia', 'Athens', 'Greece', 'Asia']"
anon-a-knack-to-know-a-knave,"['Scotland', 'Flanders', 'France', 'Westminster', 'London', 'America', 'Wales', 'England', 'Orient', 'Alpes']"
anon-a-larum-for-london,"['Antwerp', 'States', 'London', 'Europe', 'England']"
anon-alphonsus-emperor-of-germany,"['Germany', 'States', 'Cornwall', 'Rome', 'Troy', 'Ireland', 'South', 'Palestine', 'Wales', 'England', 'Spain', 'Toledo']"
anon-arden-of-faversham,[]
anon-band-cuff-and-ruff,[]
anon-caesar-and-pompey,"['Thessaly', 'France', 'Europe', 'Rome', 'Greece', 'Asia', 'Troy', 'Palestine', 'Arabia', 'Euphrates', 'Nile', 'Orient']"
anon-canterbury-his-change-of-diet,"['Rome', 'England']"
anon-fair-em,['England']
anon-jack-straw,[]
anon-jeronimo-with-the-wars-of-portugal-1,"['Rome', 'Spaine']"
anon-mucedorus-and-amadine,"['Paris', 'Kingdom']"
anon-nero,"['Germany', 'France', 'States', 'Corinth', 'Rome', 'Athens', 'Greece', 'Troy', 'Egypt']"
anon-nobody-and-somebody,"['Iland', 'Westminster', 'States', 'South', 'London', 'Wales', 'England']"
anon-the-contention-between-liberality-and-prodigality,[]
anon-the-london-prodigal,"['Venice', 'London', 'Wales', 'England']"
anon-the-maid-s-metamorphosis,['Delphos']
anon-the-merry-devil-of-edmonton,"['London', 'Cambridge', 'England']"
anon-the-pedlar-s-prophecy,"['Iland', 'Douer', 'England', 'France', 'London', 'Spaine']"
anon-the-reign-of-king-edward-the-third,"['Richmond', 'Scotland', 'Paris', 'France', 'Wales', 'England', 'Spain', 'Fraunce', 'Orient', 'Poland', 'Salisbury']"
anon-the-taming-of-a-shrew,"['Athens', 'Nile', 'Alpes']"
anon-the-trial-of-chivalry,"['Germany', 'France', 'Douer', 'Troy', 'Padua', 'Paris', 'Palestine', 'England', 'Fraunce']"
anon-the-true-chronicle-of-king-leir,"['France', 'Cornwall', 'Persia', 'Fraunce', 'Palermo']"
anon-the-true-tragedy-of-richard-the-third,"['Richmond', 'Scotland', 'Lancaster', 'France', 'Ireland', 'Westminster', 'London', 'Europe', 'Wales', 'England', 'Lancashire', 'Nile', 'Salisbury']"
anon-the-wars-of-cyrus,"['Persia', 'Euphrates', 'Asia']"
anon-wily-beguiled,[]
anon-wine-beer-and-ale-together-by-the-ears,[]
armin-the-two-maids-of-more-clacke,"['Richmond', 'Wales', 'Paris', 'Greece', 'France', 'Ireland', 'London']"
barnes-the-devil-s-charter,"['Germany', 'Rome', 'Greece', 'Vienna', 'Malta', 'Venice', 'Borgia', 'France', 'Italy', 'Rhodes', 'Spaine', 'Ferrara', 'Padua', 'Calabria', 'Lucretia', 'Naples', 'Mediterranean', 'Capricornus']"
barry-ram-alley,"['Venice', 'London', 'Rome']"
beaumont-fletcher-a-king-and-no-king,['Iberia']
beaumont-fletcher-cupid-s-revenge,[]
beaumont-fletcher-love-s-pilgrimage,"['Holland', 'Barcelona', 'States', 'Madrid', 'Naples', 'Italy', 'Rome', 'Spain', 'Spaine']"
beaumont-fletcher-massinger-beggars-bush,"['States', 'South', 'London', 'Cyprus', 'Europe', 'England', 'Spain', 'Bruges']"
beaumont-fletcher-massinger-love-s-cure,[]
beaumont-fletcher-massinger-thierry-and-theodoret,"['Rome', 'Sparta', 'Athens', 'France', 'Nile', 'Europe']"
beaumont-fletcher-philaster,[]
beaumont-fletcher-the-coxcomb,"['Germany', 'America', 'Italy', 'Asia', 'France', 'Spaine', 'Affrica']"
beaumont-fletcher-the-maid-s-tragedy,"['Iland', 'Paris', 'Rhodes']"
beaumont-fletcher-the-scornful-lady,"['France', 'Rome', 'Troy']"
beaumont-fletcher-the-woman-hater,"['Europe', 'Naples', 'Rome']"
beaumont-the-knight-of-the-burning-pestle,"['London', 'Paris', 'Persia', 'England']"
beaumont-the-masque-of-the-inner-temple-and-gray-s-inn,[]
belchier-hans-beer-pot,"['Lancaster', 'France', 'Ireland', 'London', 'England', 'Greece']"
berkeley-the-lost-lady,['Greece']
bower-appius-and-virginia,[]
brathwait-mercurius-britannicus,"['Iland', 'Lancaster', 'Paris', 'France', 'Island']"
brome-a-jovial-crew,"['London', 'Kingdom']"
brome-a-mad-couple-well-matched,[]
brome-the-antipodes,"['Venice', 'France', 'States', 'London', 'Europe', 'Cornwall', 'Madrid', 'Persia', 'Arabia']"
brome-the-city-wit,"['Germany', 'London', 'Italy', 'Delphos']"
brome-the-court-beggar,"['Cytheron', 'Rome', 'Salsbury', 'Othris', 'Amsterdam']"
brome-the-cunning-lovers,"['Germany', 'Mantua', 'Verona', 'France', 'City', 'Europe', 'Italy', 'Rome', 'England', 'Greece', 'Ferrara']"
brome-the-damoiselle-or-the-new-ordinary,"['France', 'Turnbull', 'England']"
brome-the-english-moor,"['France', 'Dover', 'Elisium', 'Aegypt', 'Barbary', 'Amsterdam']"
brome-the-lovesick-court,"['Thessaly', 'Helycon', 'Corinth', 'Kingdom', 'Greece', 'Tempe', 'Delphos']"
brome-the-new-academy,"['France', 'Italy', 'Salisbury', 'Holland', 'Paris', 'Turnbull', 'England']"
brome-the-northern-lass,"['Germany', 'France', 'Italy', 'Sweden', 'Poland', 'Spaine', 'Holland', 'Lincolnshire', 'Crowland', 'Hungary']"
brome-the-novella,[]
brome-the-queen-and-concubine,"['Palermo', 'Ireland', 'Naples', 'Kingdom', 'Sicily']"
brome-the-queen-s-exchange,"['States', 'Affrica', 'Kingdom']"
brome-the-sparagus-garden,"['France', 'London', 'Italy', 'Troy', 'Burgundy']"
brome-the-weeding-of-the-covent-garden,"['Venice', 'France', 'London', 'Italy', 'Jordan', 'Greece', 'Troy', 'Paris', 'England', 'Amsterdam']"
burnell-landgartha,[]
campion-the-masque-at-lord-hay-s-marriage,[]
carew-coelum-britannicum,[]
carlell-the-deserving-favorite,['Naples']
cartwright-the-royal-slave,"['Magnesia', 'Greece', 'Persia']"
cary-mariam-the-fair-queen-of-jewry,"['Ierusalem', 'Ophir', 'Palestine', 'Rome', 'Arabia', 'Greece', 'Asia']"
cavendish-shirley-the-country-captain,[]
cavendish-the-variety,"['France', 'States', 'London', 'Rome', 'Nice', 'Spaine', 'Scotland', 'Holland', 'St. Georges', 'Switzerland', 'Tempe']"
chamberlain-the-swaggering-damsel,[]
chapman-all-fools,"['Paris', 'Florence', 'France', 'Europe', 'Italy', 'Europa']"
chapman-an-humorous-day-s-mirth,"['Paris', 'France']"
chapman-bussy-d-ambois,"['Paris', 'Alpes', 'Peleon', 'States', 'Rome', 'Arden', 'Troy']"
chapman-caesar-and-pompey-the-wars-of-caesar-and-pompey,"['Thessaly', 'France', 'Sicilia', 'South', 'Europe', 'Italy', 'Rome', 'Sicily', 'Greece', 'Asia', 'Thrace']"
chapman-jonson-marston-eastward-ho,"['Iland', 'Virginia', 'Affrica', 'England', 'Baudes', 'Borgia', 'France', 'States', 'London', 'Cambridge']"
chapman-may-day,"['Venice', 'Padua', 'Paris', 'Lucretia', 'Italy', 'Troy']"
chapman-monsieur-d-olive,"['France', 'States', 'Europe', 'Rome', 'Greece', 'Alpes', 'Padua', 'Paris', 'England']"
chapman-sir-giles-goosecap,[]
chapman-the-blind-beggar-of-alexandria,"['Rome', 'Arabia', 'Egypt', 'Aegypt', 'Alpes']"
chapman-the-conspiracy-of-charles-duke-of-byron,"['France', 'States', 'Europe', 'Italy', 'Rome', 'Po', 'Spaine', 'England', 'Burgundy', 'Fraunce']"
chapman-the-gentleman-usher,"['Padua', 'Italy', 'Rome', 'Po']"
chapman-the-masque-of-the-middle-temple-and-lincoln-s-inn,[]
chapman-the-revenge-of-bussy-d-ambois,"['Paris', 'France', 'Rome', 'Athens', 'Greece', 'England', 'Troy']"
chapman-the-tragedy-of-charles-duke-of-byron,"['Lorraine', 'France', 'States', 'Italy', 'Rome', 'Arden', 'Albania', 'Spaine', 'Paris', 'Alps', 'Switzerland', 'Naples', 'Iberia', 'Arabia', 'England', 'Turky']"
chapman-the-widow-s-tears,"['Paphos', 'Rome', 'Sparta', 'Athens', 'Paris']"
chapman-two-wise-men-and-all-the-rest-fools,"['Ireland', 'Island', 'States', 'London', 'Cambridge', 'Italy', 'Persia', 'Rome', 'England', 'Amsterdam', 'Alpes']"
chettle-hoffman,"['Germany', 'States', 'Persia', 'Saxony', 'Austria', 'Nile']"
cooke-greene-s-tu-quoque,[]
cowley-love-s-riddle,"['City', 'Europe', 'Persia', 'Arabia', 'Sicily']"
cumber-the-two-merry-milkmaids,"['Germany', 'Florence', 'Europe', 'Rome', 'Alpes', 'Verona', 'Venice', 'Padua', 'Arabia']"
d-the-knave-in-grain-new-vamped,"['Venice', 'Iland', 'Europe', 'Cape', 'Middleborough', 'Italy', 'Troy', 'Alpes', 'Holland', 'Paris', 'Egypt', 'Mount']"
daborne-a-christian-turned-turk,"['Israel', 'France', 'Ierusalem', 'States', 'Europe', 'Arabia', 'Porcupines', 'Alpes']"
daniel-cleopatra,"['Rome', 'Asia', 'Orient', 'Rhodes', 'Egypt']"
daniel-hymen-s-triumph,"['Corinth', 'Arcadia', 'Egypt']"
daniel-philotas,"['Persia', 'Greece', 'Asia']"
daniel-the-queen-s-arcadia,"['Arcadia', 'Thebes', 'Corinth', 'Sparta']"
daniel-the-vision-of-the-twelve-goddesses,"['Asia', 'Greece']"
davenant-albovine-king-of-the-lombards,"['France', 'Italy', 'Paris', 'Verona', 'Hungary']"
davenant-britannia-triumphans,[]
davenant-salmacida-spolia,[]
davenant-the-cruel-brother,"['Mantua', 'Lucca', 'Italy', 'Alpes']"
davenant-the-just-italian,"['France', 'Lucca', 'Italy', 'Toledo']"
davenant-the-temple-of-love,[]
davenant-the-wits,"['Finsbury', 'Friesland', 'Dover', 'Delph', 'States', 'Geneva', 'Turin', 'Troy', 'Paris', 'South']"
davenport-a-new-trick-to-cheat-the-devil,"['Germany', 'France', 'States', 'London', 'Troy', 'Spaine', 'Prague', 'Madrid', 'England']"
day-humor-out-of-breath,"['Venice', 'Italy', 'Padua', 'Paris', 'Mantua']"
day-law-tricks,"['Iland', 'Genoa', 'Lucretia', 'Europe', 'Orient', 'Sardinia', 'Salisbury']"
day-the-isle-of-gulls,"['Madame', 'Iland', 'Arcadia', 'Parnassus', 'Affrica', 'Greece', 'Thrace']"
day-the-parliament-of-bees,"['Paris', 'Rome', 'Troy', 'Thessalie']"
day-wilkins-rowley-the-travels-of-the-three-english-brothers,"['Venice', 'Iland', 'London', 'Italy', 'Persia', 'Rome', 'England', 'Spaine', 'Turkey']"
dekker-blurt-master-constable,"['Venice', 'Virginia', 'France', 'Italy', 'Troy', 'Saint Marke', 'Frisco', 'Paris', 'Fraunce', 'Toledo', 'Castile']"
dekker-chettle-haughton-patient-grissel,"['Germany', 'Venice', 'Italy', 'Wales', 'Toledo']"
dekker-ford-middleton-rowley-the-spanish-gypsy,[]
dekker-ford-the-sun-s-darling,"['France', 'Kingdom', 'England', 'Asia', 'Toledo']"
dekker-haughton-day-lust-s-dominion,"['France', 'States', 'Barbaria', 'Madrid', 'Kingdom', 'Spain', 'Jerusalem', 'Arragon']"
dekker-if-it-be-not-good-the-devil-is-in-it,"['Ierusalem', 'Calabria', 'Rotterdam', 'Naples', 'Turky']"
dekker-massinger-the-virgin-martyr,"['Iland', 'Rome', 'Greece', 'Europa', 'Troy', 'Tempe']"
dekker-match-me-in-london,"['Venice', 'Virginia', 'France', 'City', 'Spaine', 'Sivill']"
dekker-middleton-the-bloody-banquet,[]
dekker-middleton-the-honest-whore-1,"['Holland', 'Bethlem']"
dekker-middleton-the-roaring-girl,"['Venice', 'Iland', 'Virginia', 'France', 'Braineford', 'London', 'Italy', 'England', 'Bononia', 'Bolonia']"
dekker-old-fortunatus,[]
dekker-rowley-ford-the-witch-of-edmonton,"['Germany', 'London', 'Italy', 'Paris']"
dekker-satiromastix,"['Venice', 'England', 'Orient']"
dekker-the-honest-whore-2,"['France', 'Gelderland', 'Italy', 'Rome', 'Cleueland', 'Holland', 'Ireland', 'England']"
dekker-the-noble-spanish-soldier,[]
dekker-the-shoemaker-s-holiday,"['France', 'London', 'Europe', 'Finsbury', 'Douer', 'England', 'Troy']"
dekker-the-wonder-of-a-kingdom,"['Florence', 'France', 'Troy']"
dekker-webster-northward-ho,"['Iland', 'France', 'States', 'London', 'Europe', 'Barbary', 'Italy', 'Cleueland', 'Lancashire', 'Holland', 'Ireland', 'Wales', 'England', 'Turkey']"
dekker-webster-the-famous-history-of-sir-thomas-wyatt,"['Iland', 'France', 'Ireland', 'London', 'Cambridge', 'England', 'Spaine']"
dekker-webster-westward-ho,"['Germany', 'France', 'Braineford', 'London', 'Italy', 'Salsbury', 'Neopolitan', 'Putney', 'Shoredich', 'Lancashire', 'Troy', 'Ireland', 'England']"
denham-the-sophy,"['States', 'Persia', 'Asia']"
drue-the-duchess-of-suffolk,"['Germany', 'Emden', 'States', 'London', 'Cambridge', 'Rome', 'Poland', 'Marshalsea', 'Dover', 'England', 'Algate']"
field-a-woman-is-a-weathercock,[]
field-amends-for-ladies,"['France', 'England', 'Troy']"
field-fletcher-massinger-the-knight-of-malta,[]
field-fletcher-massinger-the-queen-of-corinth,"['States', 'Corinth', 'Europe', 'Italy', 'Sparta', 'Greece', 'Rye', 'Hungary', 'Spain']"
field-massinger-fletcher-the-honest-man-s-fortune,"['Paris', 'France', 'Troy']"
field-massinger-the-fatal-dowry,"['France', 'Europe', 'Delphos']"
fisher-fuimus-troes,"['Germany', 'Iland', 'Italy', 'Rome', 'Greece', 'Asia', 'Troy', 'Alpes', 'South', 'Rhine', 'Nile', 'Tempe']"
fletcher-a-wife-for-a-month,"['Naples', 'Kingdom']"
fletcher-beaumont-the-captain,"['Paris', 'States', 'Jndies']"
fletcher-beaumont-the-noble-gentleman,"['Virginia', 'Paris', 'France', 'States', 'Italy', 'England', 'Orient', 'Spaine']"
fletcher-bonduca,[]
fletcher-field-four-plays,"['Lisbon', 'States', 'Rome', 'Athens', 'Milain']"
fletcher-ford-massinger-webster-the-fair-maid-of-the-inn,"['Germany', 'Holland', 'Jtaly', 'Florence', 'Genoas', 'Island', 'Alberto', 'London', 'Europe', 'Italy', 'Arabia', 'Rome', 'Geneva', 'England', 'Greece', 'Amsterdam', 'Poland', 'Troy', 'Spaine', 'Malta']"
fletcher-massinger-a-very-woman,"['Paris', 'France', 'States', 'Kingdom', 'Sicily', 'Spain', 'Malta', 'Palermo']"
fletcher-massinger-the-bloody-brother-rollo-duke-of-normandy,"['England', 'Normandy', 'Troy']"
fletcher-massinger-the-custom-of-the-country,"['Lisbon', 'Lisborne', 'Italy', 'Rome']"
fletcher-massinger-the-double-marriage,"['City', 'Naples', 'Italy', 'Kingdom', 'Births']"
fletcher-massinger-the-elder-brother,"['Venice', 'Iland', 'France', 'Rome', 'Geneva', 'Paris', 'Naples', 'Toledo']"
fletcher-massinger-the-false-one,[]
fletcher-massinger-the-little-french-lawyer,"['Venice', 'Paris', 'Florence', 'Italy']"
fletcher-massinger-the-prophetess,"['France', 'Rome', 'Greece', 'Paris', 'South', 'Persia']"
fletcher-massinger-the-sea-voyage,['Island']
fletcher-massinger-the-spanish-curate,[]
fletcher-massinger-the-wandering-lovers,[]
fletcher-rowley-the-maid-in-the-mill,[]
fletcher-rule-a-wife-and-have-a-wife,"['England', 'Spaine', 'Europe']"
fletcher-shirley-the-night-walker,"['Jndies', 'Thames', 'Wales']"
fletcher-sicelides,"['South', 'Cape', 'Troy', 'Delphos']"
fletcher-the-chances,"['Bollonia', 'Italy', 'Geneva', 'Spain', 'England']"
fletcher-the-faithful-shepherdess,"['Troy', 'South', 'Orient']"
fletcher-the-humorous-lieutenant,[]
fletcher-the-island-princess,['Island']
fletcher-the-loyal-subject,[]
fletcher-the-mad-lover,[]
fletcher-the-pilgrim,[]
fletcher-the-wild-goose-chase,"['Germany', 'France', 'States', 'Italy', 'Alpes', 'Paris', 'Bollonia', 'Wales', 'Persia', 'Kingdom', 'England']"
fletcher-the-woman-s-prize,"['Black-Fryers', 'France', 'London', 'Rome', 'Greece', 'Lancashire', 'Columbus', 'Islands', 'Paris', 'Kingdom', 'England']"
fletcher-valentinian,"['Baudes', 'Mantuan', 'Italy', 'Rome', 'Asia', 'Messalina', 'Jtaly', 'Nile']"
fletcher-women-pleased,"['Florence', 'States', 'Silver', 'South', 'Rome', 'Kingdom', 'Turkey']"
ford-love-s-sacrifice,"['Iland', 'Helycon', 'France', 'Naples', 'Italy', 'Rome', 'England', 'Spaine']"
ford-perkin-warbeck,"['Iland', 'Lancaster', 'States', 'London', 'Europe', 'Cornwall', 'Richmond', 'Scotland', 'Ireland', 'Westminster', 'Wales', 'England']"
ford-the-broken-heart,[]
ford-the-fancies-chaste-and-noble,"['Venice', 'Florence', 'France', 'Italy', 'Rome', 'Indies', 'Births', 'Spaine']"
ford-the-lady-s-trial,"['Germany', 'Genoa', 'Spain', 'Sardinia']"
ford-the-laws-of-candy,"['Venice', 'States', 'Europe', 'Kingdom', 'Malta']"
ford-the-lover-s-melancholy,"['Thessaly', 'Iland', 'States', 'Corinth', 'Italy', 'Athens', 'Greece', 'Cyprus', 'Switzerland', 'Tempe']"
ford-the-queen,"['Europe', 'Kingdom', 'Arragon']"
ford-tis-pity-she-s-a-whore,[]
freeman-imperiale,"['Venice', 'Siena', 'France', 'States', 'Europe', 'Naples', 'Italy', 'Rome', 'Greece', 'Alpes']"
fulwel-like-will-to-like,[]
garter-the-most-virtuous-and-godly-susanna,"['London', 'Rome']"
gascoigne-the-glass-of-government,"['Germany', 'Antwerp', 'Thebes', 'Aegypt', 'Europe', 'Arabia', 'Samos', 'Hungary', 'Delphos']"
glapthorne-albertus-wallenstein,"['Iland', 'States', 'Vienna']"
glapthorne-argalus-and-parthenia,"['Mantinea', 'Corinth']"
glapthorne-revenge-for-honor,"['Egypt', 'Persia', 'Arabia', 'Kingdom', 'Spain']"
glapthorne-the-hollander,"['France', 'London', 'Finsbury', 'Crowland', 'Amsterdam']"
glapthorne-the-ladies-privilege,"['Paris', 'France', 'Island', 'States', 'Naples', 'Italy', 'England', 'Spaine']"
glapthorne-wit-in-a-constable,[]
goffe-orestes,"['Alps', 'Athens', 'Greece', 'Troy']"
goffe-the-careless-shepherdess,[]
gomersall-lodovick-sforza,[]
gough-the-strange-discovery,[]
greene-alphonsus-king-of-aragon,"['Affrica', 'Naples', 'Rome', 'Arabia', 'Asia', 'Albania', 'Scythia', 'Troy', 'Delphos']"
greene-friar-bacon-and-friar-bongay,"['Germany', 'Europe', 'Cambridge', 'Douer', 'Rome', 'Greece', 'Troy', 'Spaine', 'Bolonia', 'Lincolnshire', 'Padua', 'Paris', 'Affrica', 'Almaine', 'Rye', 'Wales', 'Euphrates', 'Saxony', 'England']"
greene-george-a-green-the-pinner-of-wakefield,"['Scotland', 'Doncaster', 'England', 'London']"
greene-orlando-furioso,"['Thessaly', 'France', 'Greece', 'Asia', 'Europa', 'Troy', 'Alpes', 'Paris', 'South', 'Egypt', 'Affrica', 'Euphrates', 'Sicily']"
greene-selimus-1,"['Magnesia', 'Aegypt', 'Tartarie', 'Asia', 'Troy', 'Barbaria', 'Ophir', 'South', 'Arabia', 'Persia', 'Orient']"
greene-the-scottish-history-of-james-the-fourth,"['Scotland', 'France', 'Persia', 'England']"
greville-alaham,['States']
greville-mustapha,"['Asia', 'States']"
habington-the-queen-of-aragon,"['Kingdom', 'Toledo', 'Arragon']"
harding-sicily-and-naples,"['Messina', 'Padua', 'France', 'Alberto', 'Naples', 'Wales', 'Arabia', 'Sicily', 'Troy']"
haughton-englishmen-for-my-money,"['Venice', 'London', 'Barbary', 'Italy', 'Rome', 'Shoredich', 'Spaine', 'Frisco', 'Westminster', 'Sicily', 'England', 'Amsterdam', 'Fraunce']"
hausted-the-rival-friends,[]
hawkins-apollo-shroving,"['Thessaly', 'France', 'London', 'Rome', 'Paris', 'Parnassus', 'Ethiopia', 'Thames', 'England', 'Mount']"
heywood-a-challenge-for-beauty,"['Germany', 'Iland', 'Alps', 'France', 'Mantuan', 'London', 'Europe', 'Flushing', 'Middleborough', 'Italy', 'Rome', 'Greece', 'England', 'Asia', 'Troy', 'Spaine']"
heywood-a-woman-killed-with-kindness,"['Germany', 'France', 'Acton', 'Italy', 'England']"
heywood-brome-the-late-lancashire-witches,"['Lancaster', 'Paris', 'London', 'England', 'Lancashire', 'Troy']"
heywood-edward-the-fourth-1,[]
heywood-how-a-man-may-choose-a-good-wife-from-a-bad,"['London', 'Europe']"
heywood-if-you-know-not-me-you-know-nobody-1,[]
heywood-if-you-know-not-me-you-know-nobody-2,"['Venice', 'France', 'London', 'Rome', 'Spaine', 'Bristow', 'South', 'England', 'Fraunce']"
heywood-love-s-mistress,"['Arcadia', 'Paris', 'Troy', 'Delphos']"
heywood-rowley-fortune-by-land-and-sea,"['Kingdom', 'England', 'Spain', 'France', 'South', 'Europe']"
heywood-the-brazen-age,"['Thessaly', 'Paphos', 'Thebes', 'Aegypt', 'Greece', 'Asia', 'Thrace', 'Troy', 'Spaine', 'Tempe']"
heywood-the-english-traveller,"['Rome', 'Greece', 'England', 'Turkey', 'France', 'London', 'Italy', 'Paris', 'Ierusalem', 'Palestine']"
heywood-the-fair-maid-of-the-exchange,[]
heywood-the-fair-maid-of-the-west-1,"['Islands', 'Morocco', 'France', 'London', 'Barbary', 'Cornwall', 'England']"
heywood-the-fair-maid-of-the-west-2,"['Mantua', 'Florence', 'Italy', 'Greece', 'England', 'Troy']"
heywood-the-four-prentices-of-london,"['Venice', 'France', 'London', 'Europe', 'Italy', 'Asia', 'Troy', 'Alpes', 'Scotland', 'Ierusalem', 'Ireland', 'Wales', 'England', 'Turkey']"
heywood-the-golden-age,"['Italy', 'Athens', 'Greece', 'Europa', 'Troy', 'Corsicke', 'Sicily', 'Delphos']"
heywood-the-iron-age-1,"['Sparta', 'Greece', 'Asia', 'Troy', 'Paris', 'Delphos']"
heywood-the-iron-age-2,"['Europe', 'Sparta', 'Greece', 'Asia', 'Europa', 'Troy', 'Paris', 'South']"
heywood-the-rape-of-lucrece,"['States', 'Rome', 'Greece', 'Troy', 'Delphos']"
heywood-the-royal-king-and-the-loyal-subject,"['London', 'Europe', 'Wales']"
heywood-the-wise-woman-of-hogsdon,"['France', 'London', 'Europe', 'Finsbury', 'Spaine', 'Westminster', 'St. Georges']"
holiday-technogamia,[]
hughes-the-misfortunes-of-arthur,"['Paris', 'Europe', 'Rome', 'Kingdom', 'Troy']"
jones-adrasta,[]
jonson-bartholomew-fair,"['Virginia', 'Finsbury', 'Rome', 'Columbus', 'Madame', 'Arcadia', 'Turkey', 'France', 'States', 'London', 'Scotland', 'Ierusalem', 'Ireland']"
jonson-catiline-his-conspiracy,"['Thebes', 'Rome', 'Athens', 'Asia', 'Spaine', 'Alpes']"
jonson-chloridia,[]
jonson-cynthia-s-revels,[]
jonson-epicoene-or-the-silent-woman-A04645,"['Iland', 'Virginia', 'Europe', 'Salisbury', 'Madame', 'England', 'States', 'London', 'Ireland', 'South']"
jonson-every-man-in-his-humour,"['Venice', 'London', 'Europe', 'Naples', 'Italy', 'Toledo', 'Poland', 'Vienna']"
jonson-every-man-out-of-his-humour,[]
jonson-hymenaei,[]
jonson-love-s-triumph-through-callipolis,[]
jonson-neptune-s-triumph-for-the-return-of-albion,"['Iland', 'Island']"
jonson-poetaster,"['Parnassus', 'Aegypt', 'Italy', 'Rome']"
jonson-sejanus-his-fall,"['Iland', 'Rome', 'Rhodes']"
jonson-the-alchemist,"['France', 'States', 'London', 'Europe', 'Douer', 'Rome', 'Athens', 'Scotland', 'Holland', 'Egypt', 'Madrid', 'England', 'Amsterdam']"
jonson-the-case-is-altered,"['Venice', 'Verona', 'France', 'Ierusalem', 'Europe', 'Italy']"
jonson-the-characters-of-two-royal-masques,['Iland']
jonson-the-devil-is-an-ass,"['France', 'London', 'Finsbury', 'America', 'Italy', 'Spaine', 'England', 'St. Georges']"
jonson-the-entertainment-of-the-queen-and-prince-at-althorp,"['Sparta', 'Lorraine', 'France', 'Europe']"
jonson-the-fortunate-isles-and-their-union,"['Orient', 'Troy']"
jonson-the-new-inn,"['France', 'States', 'Europe', 'Rome', 'Sparta', 'Lancashire', 'Thrace', 'Troy', 'Spaine', 'Ireland', 'Madrid', 'England']"
jonson-the-staple-of-news,[]
jonson-volpone,"['Venice', 'France', 'London', 'Europe', 'Italy', 'Greece', 'England', 'Asia', 'Troy']"
killigrew-claricilla,"['Messina', 'States', 'Kingdom', 'Sicily', 'Rhodes']"
killigrew-the-conspiracy,[]
killigrew-the-parson-s-wedding,"['Alps', 'Kingdom', 'England', 'France', 'London', 'Italy', 'Paris', 'Westminster']"
killigrew-the-princess,[]
killigrew-the-prisoners,"['Island', 'Kingdom', 'Sardinia']"
kirke-the-seven-champions-of-christendom,"['Iland', 'France', 'City', 'London', 'Italy', 'Rome', 'Asia', 'Scotland', 'Ireland', 'Island', 'Almaine', 'Wales', 'Persia', 'Arabia', 'England', 'Spain', 'Orient', 'Normandy']"
knevet-rhodon-and-iris,"['Thessaly', 'Greece', 'Troy']"
kyd-soliman-and-perseda,"['Scotland', 'Iland', 'France', 'Ireland', 'Peleon', 'South', 'Persia', 'Asia', 'Rhodes', 'Troy', 'Turkey']"
kyd-the-spanish-tragedy,"['Paris', 'Lisbon', 'England', 'Spaine', 'Corsicke']"
kynaston-corona-minervae,[]
lodge-the-wounds-of-civil-war,[]
lower-the-phoenix-in-her-flames,"['Egypt', 'Arabia', 'Persia', 'Kingdom', 'Euphrates', 'Austria']"
lupton-all-for-money,[]
lyly-campaspe,"['Persia', 'Athens', 'Europa', 'Thebes']"
lyly-endymion,"['Thessaly', 'Alpes', 'Egypt', 'Arabia', 'Athens', 'Greece']"
lyly-gallathea,"['Arabia', 'Capricornus']"
lyly-love-s-metamorphosis,[]
lyly-midas,"['Iland', 'Thebes', 'Greece', 'Delphos']"
lyly-mother-bombie,[]
lyly-sappho-and-phao,"['Athens', 'Troy']"
lyly-the-woman-in-the-moon,['Europa']
machin-barkstead-marston-the-insatiate-countess,"['Venice', 'France', 'Italy', 'Europa', 'Troy', 'Alpes']"
markham-sampson-herod-and-antipater,"['Rome', 'Greece', 'Asia', 'Rhodes', 'Israel', 'Ierusalem', 'Bethlem', 'Arabia']"
marlowe-dr-faustus,"['Germany', 'Venice', 'Padua', 'Paris', 'Emden', 'Thebes', 'Europe', 'Affrica', 'Rhine', 'America', 'Naples', 'Rome', 'Greece', 'Troy']"
marlowe-edward-the-second,[]
marlowe-nashe-dido-queen-of-carthage,"['Thessaly', 'Paris', 'Egypt', 'Europe', 'Italy', 'Athens', 'Greece', 'Asia', 'Troy']"
marlowe-tamburlaine-1,[]
marlowe-the-jew-of-malta,"['Venice', 'Iland', 'Florence', 'France', 'London', 'Italy', 'Greece', 'Rhodes', 'Alpes', 'Israel', 'Padua', 'Ierusalem', 'Calabria', 'Egypt', 'Cyprus', 'Arabia', 'Sicily', 'Mediterranean', 'Malta', 'Turkey']"
marlowe-the-massacre-at-paris,"['Germany', 'Paris', 'France', 'America', 'Rome', 'England', 'Poland']"
marmion-a-fine-companion,"['Thessaly', 'Europe', 'Greece', 'Paris', 'Parnassus', 'Algate']"
marmion-holland-s-leaguer,"['Iland', 'States', 'Sweden', 'Holland', 'Padua', 'South', 'England']"
marston-antonio-and-mellida,[]
marston-antonio-s-revenge,[]
marston-histriomastix,"['Europe', 'Italy', 'Douer']"
marston-jack-drum-s-entertainment,"['Scotland', 'Ireland', 'London', 'Athens', 'Greece', 'Orient']"
marston-parasitaster,"['Germany', 'Island', 'Egypt', 'Cyprus', 'Europe', 'England', 'Ferrara', 'Normandy', 'Troy', 'Delphos', 'Messalina']"
marston-the-dutch-courtesan,[]
marston-the-malcontent,"['Genoa', 'Paris', 'Florence', 'Genoas', 'Europe']"
marston-the-wonder-of-women,"['Italy', 'Rome']"
marston-what-you-will,"['Venice', 'London', 'Saint Marke']"
mason-the-turk,"['Venice', 'Thessaly', 'Florence', 'States', 'Corinth', 'Europe', 'Italy', 'Rome', 'Troy', 'Ferrara', 'Cyprus', 'Porcupines', 'Orient', 'Tempe']"
massinger-a-new-way-to-pay-old-debts,['London']
massinger-the-bashful-lover,"['Paris', 'Mantua', 'Milain']"
massinger-the-bondman,"['Baudes', 'Iland', 'Thebes', 'Corinth', 'Greece', 'Sicily']"
massinger-the-city-madam,"['Virginia', 'States', 'London', 'Europe', 'Paris', 'Alps', 'Westminster', 'Dover', 'Silver', 'South', 'Wales', 'Persia', 'England', 'Orient', 'Toledo']"
massinger-the-duke-of-milan,[]
massinger-the-emperor-of-the-east,"['Rome', 'Athens']"
massinger-the-great-duke-of-florence,"['Florence', 'Naples', 'Italy', 'England']"
massinger-the-guardian,"['France', 'Naples', 'Italy', 'Rome', 'Kingdom', 'Spain', 'Jerusalem', 'Messalina']"
massinger-the-maid-of-honour,"['Germany', 'France', 'Island', 'Naples', 'Rome', 'Sicily', 'England', 'Palermo', 'Toledo', 'Malta']"
massinger-the-picture,"['Paris', 'France', 'Hungary', 'England']"
massinger-the-renegado,"['Venice', 'France', 'City', 'London', 'Rome', 'England', 'Amsterdam', 'Europa', 'Tempe', 'Rhodes', 'Spaine', 'Malta']"
massinger-the-roman-actor,"['Paris', 'Rome', 'Thrace', 'Troy']"
massinger-the-unnatural-combat,"['Venice', 'Rome', 'France', 'States']"
may-antigone-the-theban-princess,"['Athens', 'Thebes']"
may-cleopatra-queen-of-egypt,"['Germany', 'France', 'Aegypt', 'Italy', 'Rome', 'Athens', 'Thrace', 'Troy', 'Egypt', 'Arabia', 'Samos', 'Spain', 'Nile']"
may-julia-agrippina-empress-of-rome,"['Iland', 'Italy', 'Rome', 'Greece', 'Asia']"
may-the-heir,[]
mayne-the-city-match,[]
middleton-a-chaste-maid-in-cheapside,"['London', 'Cambridge', 'Westminster', 'Wales', 'Amsterdam']"
middleton-a-game-at-chess,"['Germany', 'Venice', 'Antwerp', 'France', 'Europe', 'Morocco', 'Egypt', 'England']"
middleton-a-mad-world-my-masters,"['Venice', 'Ireland', 'London', 'Putney']"
middleton-a-trick-to-catch-the-old-one,[]
middleton-a-yorkshire-tragedy,['London']
middleton-anything-for-a-quiet-life,"['Venice', 'France', 'London', 'Europe', 'Cambridge', 'Italy', 'Scotland', 'Holland', 'Paris', 'Ireland', 'Island', 'England', 'Spain', 'Amsterdam']"
middleton-fletcher-the-nice-valor,[]
middleton-michaelmas-term,"['London', 'Cambridge']"
middleton-more-dissemblers-besides-women,"['Mantua', 'Europe', 'Rome', 'Milan', 'Kingdom']"
middleton-rowley-heywood-the-old-law,"['Europe', 'Greece', 'Orient', 'Troy', 'Palermo']"
middleton-rowley-the-changeling,"['Greece', 'Spain', 'Malta']"
middleton-rowley-the-world-tossed-at-tennis,"['Richmond', 'Greece', 'Amsterdam', 'Troy']"
middleton-rowley-wit-at-several-weapons,"['France', 'London', 'Cambridge', 'Wales', 'England']"
middleton-the-family-of-love,"['Troy', 'Brussels']"
middleton-the-inner-temple-masque,[]
middleton-the-mayor-of-quinborough,"['Germany', 'Salisbury', 'Wales', 'Kingdom', 'Amsterdam']"
middleton-the-phoenix,"['Ireland', 'London', 'Rome']"
middleton-the-puritan,"['London', 'Marshalsea', 'South', 'England']"
middleton-the-revenger-s-tragedy,['Italy']
middleton-the-widow,['Egypt']
middleton-william-rowley-a-fair-quarrel,[]
middleton-women-beware-women,"['Venice', 'Florence', 'Italy', 'Rome', 'Naples', 'Kingdom']"
middleton-your-five-gallants,"['London', 'Europe']"
milton-comus,"['Aegypt', 'Greece']"
munday-chettle-the-death-of-robert-earl-of-huntingdon,"['Richmond', 'Iland', 'Doncaster', 'France', 'Ierusalem', 'London', 'Palestine', 'Wales', 'Rome', 'England', 'Austria', 'Alpes']"
munday-drayton-wilson-hathaway-sir-john-oldcastle-1,"['Lancaster', 'France', 'Ireland', 'Acton', 'London', 'Europe', 'Cambridge', 'Wales', 'Rome', 'England', 'Fraunce', 'Lancashire', 'Salisbury']"
nabbes-covent-garden,"['London', 'Cornwall', 'Troy', 'Spaine', 'South', 'Tempe']"
nabbes-hannibal-and-scipio,"['Sicilia', 'Italy', 'Rome', 'Arabia', 'Asia', 'Spaine', 'Alpes', 'Othris']"
nabbes-the-bride,"['Athens', 'Europe', 'Finsbury']"
nabbes-the-spring-s-glory,[]
nabbes-the-unfortunate-mother,[]
nabbes-tottenham-court,[]
nashe-summer-s-last-will-and-testament,"['Richmond', 'Ireland', 'Egypt', 'London', 'Arabia', 'Athens', 'England', 'Austria', 'Orient', 'Malta']"
norton-sackville-gorboduc,[]
peele-clyomon-and-clamydes,['Iland']
peele-edward-the-first,"['Lancaster', 'France', 'London', 'Europe', 'Douer', 'Rome', 'Albania', 'Troy', 'Spaine', 'Scotland', 'Ierusalem', 'South', 'Palestine', 'Wales', 'England']"
peele-the-arraignment-of-paris,[]
peele-the-battle-of-alcazar,"['Iland', 'Ireland', 'South', 'Lisborne', 'Affrica', 'Barbary', 'Italy', 'Arabia', 'Rome', 'Spain', 'Spaine']"
peele-the-love-of-david-and-fair-bathsheba,[]
peele-the-old-wives-tale,"['Thessaly', 'France', 'England', 'Spaine', 'Thessalie']"
pikering-horestes,"['Paris', 'Cytheron', 'Athens', 'Troy']"
porter-the-two-angry-women-of-abingdon,"['France', 'Ierusalem', 'London', 'Europe', 'Rome', 'England']"
randolph-aristippus-or-the-jovial-philosopher,"['Venice', 'Cambridge', 'Rome', 'Athens', 'Greece', 'Troy', 'Alpes', 'Holland', 'Persia', 'England']"
randolph-the-jealous-lovers,"['Thebes', 'Tartarie', 'Corinth', 'Athens', 'Ireland']"
rawlins-the-rebellion,"['France', 'Rome']"
richards-messalina-the-roman-empress,"['Rome', 'Troy', 'Alpes', 'South', 'Orient']"
rowley-a-match-at-midnight,"['Delph', 'Black-Fryers', 'London', 'Greece', 'Prague', 'Ireland', 'Wales', 'England']"
rowley-a-new-wonder-a-woman-never-vexed,"['Dover', 'London']"
rowley-a-shoemaker-a-gentleman,"['Germany', 'France', 'Italy', 'Rome', 'Asia', 'Births', 'Dover', 'South', 'Rhine', 'Wales', 'England']"
rowley-all-s-lost-by-lust,"['Kingdom', 'Sivill', 'Spaine']"
rowley-the-birth-of-merlin,"['Germany', 'France', 'London', 'Ireland', 'Wales', 'Kingdom']"
rowley-when-you-see-me-you-know-me,"['Germany', 'France', 'London', 'Europe', 'Italy', 'Douer', 'Rome', 'Austria', 'Alpes', 'Arragon', 'Paris', 'Ireland', 'Naples', 'Wales', 'England', 'Normandy']"
rutter-the-shepherds-holiday,"['Persia', 'Arcadia', 'Paris', 'States']"
s-locrine,"['Thessaly', 'America', 'Cornwall', 'Italy', 'Athens', 'Asia', 'Albania', 'Troy', 'Alpes', 'South']"
s-the-honest-lawyer,"['Virginia', 'London', 'England', 'Nice']"
s-thomas-lord-cromwell,"['Venice', 'Holland', 'France', 'States', 'London', 'Rome', 'Neopolitan', 'England', 'Bononia', 'Spaine']"
sampson-the-vow-breaker,"['France', 'Italy', 'Rome', 'Austria', 'Scotland', 'Paris', 'England']"
sharpham-cupid-s-whirligig,"['Gelderland', 'Europe', 'Friesland', 'Holland', 'Ireland', 'England']"
sharpham-the-fleer,[]
shirley-changes,[]
shirley-hyde-park,"['Island', 'London', 'England', 'Alpes']"
shirley-love-s-cruelty,"['Iland', 'France', 'Athens', 'Ferrara', 'Troy']"
shirley-saint-patrick-for-ireland-1,"['Scotland', 'Iland', 'Island']"
shirley-the-arcadia,"['Mantinea', 'Thessaly', 'Arcadia', 'Greece']"
shirley-the-ball,"['Germany', 'Venice', 'Holland', 'Padua', 'Paris', 'Mantua', 'France', 'Ierusalem', 'Dover', 'London', 'Europe', 'Naples', 'Middleborough', 'Italy', 'Rome', 'England', 'Spaine', 'Alpes']"
shirley-the-bird-in-a-cage,[]
shirley-the-brothers,['Spain']
shirley-the-cardinal,"['Iland', 'Italy', 'Kingdom', 'Arragon']"
shirley-the-constant-maid,"['Paris', 'States', 'London']"
shirley-the-contention-for-honor-and-riches,"['America', 'Westminster', 'City', 'London']"
shirley-the-court-secret,"['Madrid', 'Kingdom', 'Spain', 'Columbus']"
shirley-the-doubtful-heir,"['Iland', 'Arragon', 'Kingdom']"
shirley-the-duke-s-mistress,"['Iland', 'Italy', 'Arabia']"
shirley-the-example,[]
shirley-the-gamester,"['Ierusalem', 'America', 'Athens', 'Greece', 'England', 'Asia', 'Mediterranean', 'Jerusalem']"
shirley-the-gentleman-of-venice,"['Venice', 'Amsterdam']"
shirley-the-humorous-courtier,"['Padua', 'Mantua', 'France', 'Barbary', 'Italy', 'Capricornus']"
shirley-the-impostor,"['Thebes', 'Italy', 'Rome', 'Troy', 'Alpes', 'Ferrara', 'Scotland', 'Holland', 'Alps']"
shirley-the-lady-of-pleasure,"['France', 'Ethiopia', 'Silver', 'London', 'Cape', 'Tempe']"
shirley-the-maid-s-revenge,"['Alpes', 'Arabia', 'Indies', 'Toledo']"
shirley-the-martyred-soldier,[]
shirley-the-opportunity,"['Borgia', 'Europe', 'Naples', 'Spaine', 'Ferrara']"
shirley-the-politician,"['City', 'Kingdom']"
shirley-the-royal-master,"['Naples', 'Italy', 'Rome', 'Tempe']"
shirley-the-school-of-compliment,"['Europe', 'America', 'Greece', 'Holland', 'Paris', 'Elisium', 'Cyprus', 'Wales', 'Nile']"
shirley-the-sisters,"['Paris', 'France', 'States', 'Kingdom', 'Sicily', 'England', 'Mount', 'Orient']"
shirley-the-traitor,"['Florence', 'Rome', 'Nile', 'Alpes']"
shirley-the-triumph-of-peace,[]
shirley-the-wedding,"['London', 'Finsbury', 'England']"
shirley-the-witty-fair-one,"['Venice', 'Iland', 'France', 'London', 'Finsbury', 'Cambridge', 'Rome', 'England']"
shirley-the-young-admiral,"['Naples', 'Rome', 'Sicily', 'Alberto']"
smith-smith-the-hector-of-germany,"['Germany', 'France', 'Troy', 'Iberia', 'England']"
stephens-cynthia-s-revenge,"['Thessaly', 'Europe', 'Sparta', 'Rome', 'Greece', 'Troy', 'Alpes', 'Euphrates', 'Scythia']"
stevenson-gammer-gurton-s-needle,[]
suckling-brennoralt,"['Po', 'Poland', 'Troy']"
tailor-the-hog-hath-lost-his-pearl,"['Virginia', 'States', 'Troy']"
tomkis-albumazar,"['Germany', 'London', 'Barbary', 'Cambridge', 'Sparta', 'Rome', 'Asia', 'Holland', 'Padua', 'South', 'Arabia']"
tomkis-lingua,"['Europe', 'Athens', 'Greece', 'Island', 'Hungary', 'England', 'France', 'States', 'Thebes', 'London', 'Troy', 'Paris', 'Arabia']"
tourneur-the-atheist-s-tragedy,"['Paris', 'France']"
townshend-albion-s-triumph,[]
townshend-tempe-restored,[]
udall-jacob-and-esau,[]
udall-ralph-roister-doister,"['Naples', 'Rome', 'Troy']"
w-the-valiant-scot,"['Scotland', 'France', 'Palestine', 'England']"
wapull-the-tide-tarrieth-no-man,[]
webster-rowley-the-thracian-wonder,"['Europe', 'Rome', 'Jordan', 'Delphos', 'Thrace', 'Affrica', 'Kingdom']"
webster-the-devil-s-law-case,"['Venice', 'France', 'Europe', 'Rome', 'Italy', 'Austria', 'Spaine', 'Alpes', 'Padua', 'Naples', 'England', 'Indies', 'Malta', 'Castile']"
webster-the-duchess-of-malfi,"['Germany', 'France', 'Europe', 'Rome', 'Arragon', 'Padua', 'Paris', 'Naples', 'Porcupines']"
webster-the-white-devil,"['Venice', 'Thessaly', 'France', 'States', 'Rome', 'Poland', 'Arragon', 'Padua', 'Ireland', 'Hungary', 'England', 'Toledo', 'Malta']"
wilkins-the-miseries-of-enforced-marriage,"['London', 'Europe', 'Lancashire', 'Egypt']"
wilmot-hatton-noel-al-stafford-tancred-and-gismund,"['Rome', 'Paris', 'Greece', 'Asia', 'South', 'Troy']"
wilson-the-cobbler-s-prophecy,[]
wilson-the-three-ladies-of-london,"['London', 'Europe', 'Barbary', 'Cambridge', 'Italy', 'Douer', 'Rome', 'England', 'Bristow']"
wilson-the-three-lords-and-three-ladies-of-london,"['Scotland', 'Holland', 'London', 'Rome', 'England', 'Spain', 'Fraunce', 'Spaine']"
woodes-the-conflict-of-conscience,"['London', 'Rome']"
yarington-two-lamentable-tragedies,"['Padua', 'Paris', 'Ierusalem', 'London']"
zouche-the-sophister,"['Antwerp', 'Flushing', 'Italy', 'Rome', 'Islands', 'Scotland', 'Padua', 'Alps', 'Verona', 'Sicily', 'Amsterdam']"
